subject_id,subject_name,subject_alias,subject_contact,subject_address1,subject_address2,sbj_city
4832213,Maximillian Cains,,7639898647,18 Kahuaina Place,,Cromwell
5058939,Sandi Stimer,,6318854424,603 Contees St.,,Salem
5095445,Natividad Tito,,,14 Dews St.,,Marlin
5208968,Jane Acerno,,5121986942,91 Puerto Rd.,,Vicksburg
5252901,Fedele Willock,,2079349344,567 Corkins Rd.,#411,Cape Girardeau
5340770,Garrison Skender,,4354868442,71 Vader Ave.,,Cook Station
7419549,Ralphina Yenz,***masked***,3234607879,55 Picante Ave.,,Huntingdon Valley
7433399,Nataly Kuick,***masked***,9491643190,31 Dittos Ave.,310E,Willard
7559643,Alonso Holberton,***masked***,5409203930,66 Pfund Ave.,,New Castle
7645279,Allyson Lipton,,7786416590,78 Kelmo Ave.,,Silver Star
7655597,Kacy Ghelfi,,9015473031,539A Tooly St.,,Arcola
7660673,Leilani Knoll,***masked***,,67 Groth St.,,Olympic Valley
7742338,Hayden Weideman,***masked***,7628297167,77 Roller Ave.,,Columbus
7786730,Aime Demry,***masked***,2423707667,13 Paai Ave.,,Webber
7794588,Ignacio Lloid,,3097074467,96 Balfer Ave.,,Naples
7800161,Kapil Rotando,***masked***,9013452372,141B Madigan Rd.,,Charlotte
7800491,Francis Negroni,,2725735621,357 Cabacchon Ave.,,Revere
7817643,Ramon Edmeier,***masked***,5869409194,47 Draughan St.,,Walcott
7833815,Absalom Cooke,,4752245638,97 Sippel St.,,Northampton
7839159,Alan Booras,,9125213093,94 Naquag Ave.,,Mc Caskill
7840583,Cecil Kristan,***masked***,7813798192,32 Dorsie Ave.,,Le Claire
7843623,Sequoia Casuse,***masked***,7803807183,68 Mermell Esplanade,,Ball Ground
7843990,Moira Honkanen,,9162773932,348 Heminger Rd.,,Washington
7867267,Kiel Hohlt,,4184006886,92 Pilchard Avenue,,Franklin
7889936,Asuncion Demory,,8603919367,97 Cosseboom Court,,Gastonia
7892960,Guadalupe Lucca,,9561773996,68 Delange Ave.,,Detroit
7893279,Adah Goshay,,2148149926,86 Haulbrook Alley,,Carroll
7905778,Clyde Traff,,6014462976,915B Flyn Rd.,5D,Days Creek
7906680,Coreen Cantadore,,2401427097,11 Brann Rd.,,Carlton
7947512,Delma Skanes,,,96 Fracy Drive,,Jacksonville
7954522,Jazmin Pittari,,6074233977,35 Pungowiyi St.,,Arena
7954523,Izaak Sadusky,,6309259849,499A Pitcher Alley,,Brodhead
7954572,Chad Selin,,5516066309,44 Riosa Gardens,,Annapolis
7954575,Marino Pittinger,,4706424477,973 Sheehan Ave.,,Sherrills Ford
7954576,Jaden Spratlin,,3103317280,804 Bittenbender Ave.,,Fayetteville
7954577,Tenisha Panzica,,7571359163,58 Lawney Ave.,,Hamilton
7981818,Alberta Savine,***masked***,4417596771,68 Travelo Promenade,#3,Louisa
7991699,Thaddeus Roufs,,9406196850,61 Bujalance Terrace,,Durham
8000681,Reed Sanches,***masked***,5592153984,77 Walunt Ave.,,Amberson
8002172,Rosalie Hammell,,,682B Bellwood Ave.,,Graham
8006423,Allegra Danco,,,70 Verret St.,,Jarvisburg
8012091,Karenza Geraci,***masked***,9021274530,93 Kutz Buildings,,Pleasant Hill
8048841,Kristeen Vilkoski,,,64 Abinger Ave.,,Dallas
8049601,Tiara Manfre,,,3 Parterra Ave.,,Phoenix
8051521,Tana Benken,***masked***,6799228249,540B Colberg Bank,2,Fernwood
8053310,Dalia Cotman,,,38 Oretta Rd.,,Kinder
8058814,Dustin Georgi,,,97 Phelon St.,,Trumansburg
8059007,Celestine Babinski,,,8 Leleaoa Causeway,,Presque Isle
8062373,Edgard Mcquage,,6309828780,23 Wanstead Ave.,,Staten Island
8067574,Starla Ventur,,4386412879,46 Lembeth St.,#35,Saint Louis
8078249,Brunilda Galea,,3045417199,173 Lanslan Ave.,#2,Atchison
8086532,Sherilyn Croston,,,800B Tophith Vale,,Etna
8094995,Tim Paleo,,6183585206,22 Sonaurah Rd.,,Linden
8095098,Dione Shearer,,6675548974,364 Tichy St.,,Little Lake
8097285,Goffredo Clater,,,91 Schyler St.,,Ukiah
8099624,Katheryn Csuhta,,,68 Condominium Passage,,Durham
8099642,Nikita Vansteenhuyse,,3192027254,75 Chapde St.,,New York
8107186,Blanche Lovig,,,25 Amco Avenue,,Everson
8109815,Jazmin Fawell,,6195346081,246 Dardy Rd.,,Boiling Springs
8111190,Carlos Lankford,,7784663893,90 Windergate Lawn,,Hazel Hurst
8111268,Fritz Gislason,,2067453165,53 Spinsfield St.,,Ladoga
8112247,Pacifica Chevalier,***masked***,2129913398,329 Dobby Hill,,Glenwood Landing
8115899,Francesca Huitt,,,91 Largston Villas,,Lexington
8132299,Seppel Bostrom,,8491028801,74 Kloss Cottages,#11,Pompeys Pillar
8135535,Bindy Borrolli,***masked***,5188669011,518A Mariknoll St.,,Fresno
8138186,Gennaro Gardley,,,295A Lariscey Avenue,316,Thompsontown
8141478,Gunda Byerley,,9703617519,42 Furnie Rd.,#470,Jackson
8149819,Melanie Caparelli,,5675483553,396B Booms St.,#2,Lambrook
8176012,Goldia Debrie,,8437165343,9 Fricka Ave.,3R,Toyahvale
8176438,Les Cushen,,3189197101,19 Gulliver Ave.,,Valliant
8176442,Tiffanie Sonoski,,6047535665,86 Lewann St.,,Augusta
8176808,Sheron Baxtor,,6317944425,79 Auloa St.,,Lufkin
8180778,Georgia Opoka,,6049887401,70 Besaw St.,,Schaumburg
8184334,Jonatan Bookamer,,9474412194,605 Hickswood Ave.,,Erie
8191868,Loreto Zaborowski,,2028677959,21 Englund Ave.,,Whaleyville
8192335,Shonda Nuth,,4016249329,42 Cantoria St.,,Church Hill
8200440,Niwas Kumar,,5045683968,44 Belh Close,,Council Hill
8202740,Boseda Fleurantin,,6579306694,92 Interpark Blvd.,,Greenwood
8203682,Etha Shreck,,8492147682,34 Laps Cr.,,Baltimore
8215896,Estelle Ritacco,***masked***,5103381413,8 Rdige Ave.,902,Orleans
8222857,Heber Durough,***masked***,2276787102,84 Seegert Ave.,,Auburn
8226614,Reece Beckworth,***masked***,6232187897,449 Harshbarger Rd.,#303,Ball Ground
8226836,Catrina Holthoff,,7864273756,984 Elsholz Side,,Shawnee Mission
8227070,Susannah Iker,,6234557342,49 Name Ave.,,Taos
8231008,Christmas Emory,***masked***,6071061575,80 Fryback St.,,Myra
8232011,Maurine Behney,,9802305135,4 Toonigh Mount,,Brookesmith
8233556,Hilde Macivor,***masked***,2043857327,179 Bacall Promenade,,Anmoore
8235258,Friederike Canner,,4121768273,96 Winnfield Rd.,,Wabash
8236174,Odell Fussell,,,73 Constanzo St.,,Chesterfield
8240739,Justin Bieber,,,123 Fake St,,Fake City
8240872,P Gaga,,,123 Fake St,,Fake City
8240880,Lady Gaga,,,123 Fake St,,Fake City
8240881,A Spears,,,123 Fake St,,Fake City
8241089,Brian Ibude,,7142344794,1907 Deerpark Dr.,,Fullerton
8241294,Sahara Last,,,130 Fake St,,Fake City
8241353,BGC Test5,,6145679874,Test City,,Seattle
8243867,anunez+d3 anunez+d3,,7733448173,red,,redmond
8247597,Ludovico Charowdickernett,,9496090155,7515 Irvine Center Dr,,Irvine
8247675,Ronald Regan,,801-473-8852,215 N. Center St.,,Lehi
8247979,FirstNa Lastna,,,,,
8248606,"David FIGGAT, JR",,206-683-1996,5,,Seattle
8257895,Happy Thursday,,19496092263,123 Main Street,,Stowe
8259875,Paige TEST,,Home,2345 K Road,,Lincoln
8261506,Hoon Chung,,(425) 442-3937,"                     4304 Fanuel St Apt C                     San Diego, CA                 ",,San Diego
8296760,John Smith,"Johnson,Alex S",206-123-4567,7515 Irvine Center Dr,,Irvine
8296808,Test REL_44,"Johnson,Alex S",206-123-4567,555 Abel Lane,,Montreal
8297559,Testing Smith,"Johnson, Alex S",206-123-4567,555 Abel Lane,,Montreal
8298845,micxhael test,, ,123 Test, ,Irvine
8313228,Nithin Test,"Johnson,Robert G",13216549870,123 Main St,123 Main St,Irvine
8343282,Martin Lewis,,01 81 5247 8963,1236 East dela cart,,Mexico
8385420,JONATHAN GREEN,"FISHER,JAMES UNDERWOOD",206-123-4567,7515 Irvine Center Dr,,Irvine
8397412,ALEXANDER RANKIN,"RANKIN, ALEXANDER A",206-123-4567,7515 Irvine Center Dr,,Irvine
8397417,ALEXANDER RANKIN,"RANKIN, ALEXANDER A",206-123-4567,7515 Irvine Center Dr,,Irvine
9177756,Kayleigh Kempe,"Johnson,Alex S",206-123-4567,555 Abel Lane,,Montreal
